,delay,run,mX,mY,sX,sY
0,70,1,0.767397389869,0.77567674657,0.05,0.05
1,74,2,-0.685519534454,-0.993567568591,0.05,0.05
2,78,3,0.727689213127,0.301995085168,0.05,0.05
3,82,4,-0.995218114174,-0.375382634372,0.05,0.05
4,86,5,0.990746684649,-0.564664699703,0.05,0.05
5,90,6,-0.0179106158643,0.887928726177,0.05,0.05
6,94,7,-0.697089313463,-0.733777420855,0.05,0.05
7,98,8,0.941255576975,0.750390279308,0.05,0.05
